{"/datadrive/IKG/code_db/addtoDB.py": 1717430770.9227843, "/datadrive/IKG/code_db/basic_generateXLMetaData.py": 1717430770.9227843, "/datadrive/IKG/code_db/createJsonFeats.py": 1717551610.7773416, "/datadrive/IKG/code_db/db_utils.py": 1717430770.9227843, "/datadrive/IKG/code_db/fetchLLMResponse.py": 1717430770.9227843, "/datadrive/IKG/code_db/findKeys.py": 1717430770.9227843, "/datadrive/IKG/code_db/firstpass.py": 1717430770.9227843, "/datadrive/IKG/code_db/flask_test1/qdrant_db_flask_server.py": 1717765029.952502, "/datadrive/IKG/code_db/flask_test1/test_api_app.py": 1717765093.1293628, "/datadrive/IKG/code_db/flask_test2/ocr_api_app.py": 1717765201.8108752, "/datadrive/IKG/code_db/flask_test2/test2_api_app.py": 1717765201.8108752, "/datadrive/IKG/code_db/main_multi_prod.py": 1717673510.4052835, "/datadrive/IKG/code_db/pca_test.py": 1717430770.9227843, "/datadrive/IKG/code_db/query_gpt_via_groq.py": 1717430770.9227843, "/datadrive/IKG/code_db/query_llama3_via_groq.py": 1717430770.9227843, "/datadrive/IKG/code_db/readSS.py": 1717430770.9227843, "/datadrive/IKG/code_db/searchDB.py": 1717430770.9227843, "/datadrive/IKG/code_db/testChunking.py": 1717430770.9227843, "/datadrive/IKG/code_db/testMonkey.py": 1717430770.9227843, "/datadrive/IKG/code_db/test_config_py_usage.py": 1717760350.564035, "/datadrive/IKG/code_db/validate_search.py": 1717430770.9227843}